1/paper	image	1024x1536	extreme macro photograph of blank curled thermal receipt paper lying on matte black, torn perforated edge, visible paper fibres, harsh direct on-camera flash, pure bone white and pure black, heavy analog film grain, no text no letters no numbers no writing
1/stamp	image	1024x1024	macro photograph of a smudged black rubber ink stamp impression on bone white paper, ink bleeding into the fibre, abstract rectangular smear, no text no letters no words, high contrast black and white, film grain
1/drum	image	1536x1024	macro photograph of a dot matrix printer ribbon and print head, oily black mechanism, bone white paper feeding through, harsh flash, black and white, no text no letters
2/monolith	image	1024x1536	a single matte black rectangular monolith standing on an infinite pure white cyclorama, enormous empty white space around it, soft even studio light, minimal sculpture photography, no text no letters, clean
2/fold	image	1536x1024	one sheet of heavy white paper with a single crisp black fold shadow on pure white seamless, extreme minimalism, enormous negative space, studio product photography, no text
3/rack	image	1536x1024	a dark server room at night, one single amber indicator light glowing on a black rack, everything else swallowed in darkness, long exposure, cinematic, deep blacks, no people no text
3/window	image	1024x1536	view through a rain streaked window at 3am, one distant sodium street lamp out of focus, near total darkness, 35mm film, grainy, moody, no people no text
4/paper	image	1536x1024	extreme macro of warm cream laid paper, visible deckle edge and cotton fibres, raking side light casting long shadows across the surface, no text no letters, calm neutral, medium format detail
4/line	image	1536x1024	a single perfectly straight thin black ink line ruled across a wide sheet of warm cream paper, enormous empty space above and below, macro, no text no letters
5/streak	image	1024x1536	one vertical streak of cold white light in total darkness, long exposure light painting, pure black background, minimal, no text no people
5/relay	image	1536x1024	macro photograph of a single mechanical relay switch on black, brushed metal contact, cold rim light, industrial, no text no letters
6/chrome	image	1536x1024	liquid chrome and iridescent oil slick bleeding across pure black, violet and cyan interference colours, macro fluid photography, glossy, high contrast, abstract, no text
6/bloom	image	1024x1024	violet and acid green ink blooming into black water, dense abstract plume, macro, ultra saturated, no text no people
7/riso	image	1024x1536	risograph print texture, misregistered fluorescent pink and blue and yellow layers on rough newsprint, visible halftone dots and roller streaks, abstract shapes, no text no letters
7/cut	image	1024x1024	torn paper collage scraps, cut edges, xerox grain, black and fluorescent orange on cream newsprint, punk zine aesthetic, abstract, no text no letters
7/hand	image	1024x1024	high contrast photocopied halftone of a hand reaching, blown out xerox blacks, fluorescent pink overprint offset by four millimetres, zine aesthetic, no text
8/contour	image	1536x1024	dense topographic contour map lines, hand drafted survey aesthetic, dark ink on pale sage green paper, intricate elevation rings, no text no numbers no labels
8/aerial	image	1024x1024	top down aerial photograph of a green river delta braiding into sediment channels, satellite view, muted sage and ink, abstract, no text
8/grid	image	1024x1024	old drafting film with a faint blue survey grid and pencil construction marks, worn edges, pale sage, no text no numbers
9/board	image	1536x1024	extreme macro of a mechanical split flap departure board, black plastic flaps caught mid flip, one flap lit acid yellow, motion blur, deep black background, no text no letters
9/bulbs	image	1024x1024	a dense grid of small incandescent bulbs on black metal, half of them blown out bright, acid yellow glow, macro, no text
10/plume	image	1536x1024	dense white smoke plume curling against pure black, single hard side light, extreme contrast, monochrome, abstract, no text no people
10/lattice	image	1024x1024	macro of a phosphor green oscilloscope grid glowing in darkness, scan lines, cathode ray bloom, monochrome green on black, no text no numbers
