1/print	locked off macro shot, blank thermal receipt paper steadily feeding out of a dot matrix printer toward camera, black mechanism, bone white paper, harsh direct flash, dust motes drifting, black and white, no text no letters, static camera
2/turn	locked off shot on an infinite pure white cyclorama, a single matte black rectangular monolith rotating very slowly on its vertical axis, soft even studio light, enormous empty white space, minimal, no text, static camera
3/rack	very slow push in through a dark server room at night, rows of black racks, a few amber indicator lights breathing in and out, everything else swallowed in darkness, cinematic, deep blacks, no people no text
4/rule	locked off macro shot, a single thin black ink line being ruled slowly across warm cream laid paper, the nib leaving a wet trail, raking side light, no hands visible, no text no letters, static camera
5/relay	locked off macro shot of a bank of mechanical relay switches clicking in sequence in darkness, brushed metal contacts snapping, cold rim light, industrial, no text, static camera
6/flow	violet and acid green ink blooming and folding into black water, dense turbulent plume filling the frame, macro fluid photography, ultra saturated, slow motion, no text no people
7/press	locked off shot of a risograph drum spinning, fluorescent pink ink rolling, newsprint sheets flicking off a stack, misregistered colour, grainy, zine aesthetic, no text no letters
8/delta	slow top down aerial drift across a green river delta braiding into sediment channels, satellite view, muted sage and ink, abstract, no text no people
9/flap	locked off shot of a dense grid of small incandescent bulbs on black metal, bulbs igniting and dying in sweeping waves across the grid, warm acid yellow glow, deep black background, macro, no text no letters, static camera
10/plume	dense white smoke plume curling and unfurling against pure black, single hard side light, extreme contrast, monochrome, slow motion, abstract, no text no people
